阶段,活动编号,活动名称,科学依据,持续时间,建议频率,详细说明
"刚开始谈恋爱（初期阶段 0-3个月）",1,"深度问题交流（如Aron的36个问题）","Knapp关系模型的'试探期'(Experimenting)和'深化期'(Intensifying)，此阶段主要激发多巴胺和去甲肾上腺素，建立初步亲密感和信任","90分钟","1-2次","按照递增难度顺序一起回答心理学家Aron设计的36个深层问题，从简单的自我介绍到深层的人生价值观。研究表明可快速建立陌生人间的亲密感和情感连接[web:46][web:49]。"
"刚开始谈恋爱（初期阶段 0-3个月）",2,"参加新体验活动（如密室逃脱、攀岩、舞蹈课）","Knapp关系模型的'试探期'(Experimenting)和'深化期'(Intensifying)，此阶段主要激发多巴胺和去甲肾上腺素，建立初步亲密感和信任","2-3小时","每周1次","新奇体验激发多巴胺分泌，增加兴奋感和合作感。与伴侣一起完成有挑战的任务强化情感纽带[web:29][web:70]。"
"刚开始谈恋爱（初期阶段 0-3个月）",3,"分享童年故事和个人秘密","Knapp关系模型的'试探期'(Experimenting)和'深化期'(Intensifying)，此阶段主要激发多巴胺和去甲肾上腺素，建立初步亲密感和信任","1-2小时","每周2-3次","自我披露是建立信任的关键。双方轮流分享重要的人生经历、梦想和恐惧，增加心理亲密度[web:44][web:47]。"
"刚开始谈恋爱（初期阶段 0-3个月）",4,"长时间眼神接触练习","Knapp关系模型的'试探期'(Experimenting)和'深化期'(Intensifying)，此阶段主要激发多巴胺和去甲肾上腺素，建立初步亲密感和信任","5-10分钟","每周多次","长时间凝视能增加催产素分泌，引发深层情感连接。在安全、舒适的环境中进行，同时轻声交流[web:6][web:31]。"
"刚开始谈恋爱（初期阶段 0-3个月）",5,"一起做饭或烘焙","Knapp关系模型的'试探期'(Experimenting)和'深化期'(Intensifying)，此阶段主要激发多巴胺和去甲肾上腺素，建立初步亲密感和信任","1.5-2小时","每周1次","合作完成烹饪任务增强团队感，共享美食产生积极情绪。食物本身也会影响多巴胺分泌，创造积极体验[web:29][web:56]。"
"刚开始谈恋爱（初期阶段 0-3个月）",6,"身体接触逐步升级（牵手、拥抱、抚摸）","Knapp关系模型的'试探期'(Experimenting)和'深化期'(Intensifying)，此阶段主要激发多巴胺和去甲肾上腺素，建立初步亲密感和信任","日常","每天","非性接触（如握手、拥抱）刺激催产素释放，建立安全感和亲密感。循序渐进的身体接触帮助建立信任[web:6][web:67]。"
"刚开始谈恋爱（初期阶段 0-3个月）",7,"分享喜欢的音乐、电影和书籍","Knapp关系模型的'试探期'(Experimenting)和'深化期'(Intensifying)，此阶段主要激发多巴胺和去甲肾上腺素，建立初步亲密感和信任","1-2小时","每周1-2次","共同兴趣建立连接点。讨论为什么喜欢某部作品能深入了解彼此的价值观和情感世界[web:44][web:48]。"
"刚开始谈恋爱（初期阶段 0-3个月）",8,"散步时进行深度对话","Knapp关系模型的'试探期'(Experimenting)和'深化期'(Intensifying)，此阶段主要激发多巴胺和去甲肾上腺素，建立初步亲密感和信任","45-60分钟","每周2-3次","步行产生内啡肽，减少焦虑。并排走路时减少了面对面的压力，更容易进行深度对话[web:13][web:56]。"
"刚开始谈恋爱（初期阶段 0-3个月）",9,"互相摄影或自拍，记录初期回忆","Knapp关系模型的'试探期'(Experimenting)和'深化期'(Intensifying)，此阶段主要激发多巴胺和去甲肾上腺素，建立初步亲密感和信任","30-60分钟","每周1次","创造共同回忆有助于强化情感纽带。照片成为关系发展的视觉记录，增强集体身份感[web:29][web:48]。"
"刚开始谈恋爱（初期阶段 0-3个月）",10,"参加彼此感兴趣的活动","Knapp关系模型的'试探期'(Experimenting)和'深化期'(Intensifying)，此阶段主要激发多巴胺和去甲肾上腺素，建立初步亲密感和信任","2-4小时","每周1-2次","在对方热情的领域参与展现了重视和接纳。同时学习对方的世界增加了解深度[web:44][web:47]。"
"刚开始谈恋爱（初期阶段 0-3个月）",11,"在家看电影或电视剧并讨论感受","Knapp关系模型的'试探期'(Experimenting)和'深化期'(Intensifying)，此阶段主要激发多巴胺和去甲肾上腺素，建立初步亲密感和信任","2-3小时","每周1-2次","共同体验情感内容能引发共情。之后讨论激发的想法和感受能深化心理联系[web:26][web:48]。"
"刚开始谈恋爱（初期阶段 0-3个月）",12,"制作手工礼物或写情信","Knapp关系模型的'试探期'(Experimenting)和'深化期'(Intensifying)，此阶段主要激发多巴胺和去甲肾上腺素，建立初步亲密感和信任","1-2小时","每月2-4次","亲手制作的礼物传达用心程度，激发情感价值。书写让人深思自己的感受，增加脆弱性和真实性[web:26][web:48]。"
"热恋阶段（3-12个月）",13,"规划惊喜约会或微型旅行","Sternberg三角形理论的'浪漫爱'(Romantic Love)阶段，激情和亲密度都很高。此阶段仍需维持多巴胺激发同时增强催产素建立深层承诺[web:31][web:32][web:33]","1天或周末","每月1-2次","新奇的环境和经验激发多巴胺，防止关系变得例行公事。旅行中的共同挑战加强合作与信任[web:26][web:56][web:71]。"
"热恋阶段（3-12个月）",14,"学习新技能或参加课程（舞蹈、瑜伽、烹饪等）","Sternberg三角形理论的'浪漫爱'(Romantic Love)阶段，激情和亲密度都很高。此阶段仍需维持多巴胺激发同时增强催产素建立深层承诺[web:31][web:32][web:33]","1-2小时/课","每周1次（持续课程）","共同学习将你们放在初学者位置，产生谦逊和合作。新技能学习释放多巴胺和内啡肽[web:26][web:56]。"
"热恋阶段（3-12个月）",15,"进行身体亲密活动（亲吻、拥抱、按摩）","Sternberg三角形理论的'浪漫爱'(Romantic Love)阶段，激情和亲密度都很高。此阶段仍需维持多巴胺激发同时增强催产素建立深层承诺[web:31][web:32][web:33]","15-30分钟","每天至少多次","有规律的身体接触增加催产素和多巴胺，维持激情。非性身体接触同样重要，能增强情感亲密感[web:67][web:6]。"
"热恋阶段（3-12个月）",16,"讨论未来计划和共同目标","Sternberg三角形理论的'浪漫爱'(Romantic Love)阶段，激情和亲密度都很高。此阶段仍需维持多巴胺激发同时增强催产素建立深层承诺[web:31][web:32][web:33]","1-2小时","每月1-2次","制定共同目标（旅行、购房、职业规划等）增强承诺感和'我们'的身份认同[web:26][web:36][web:76]。"
"热恋阶段（3-12个月）",17,"冒险活动（蹦极、漂流、滑翔伞等）","Sternberg三角形理论的'浪漫爱'(Romantic Love)阶段，激情和亲密度都很高。此阶段仍需维持多巴胺激发同时增强催产素建立深层承诺[web:31][web:32][web:33]","2-4小时","每季度1次","共同面对害怕强化了情感纽带。在威胁或兴奋中转向彼此寻求支持增加亲密感[web:26][web:27]。"
"热恋阶段（3-12个月）",18,"在深夜进行'长谈'","Sternberg三角形理论的'浪漫爱'(Romantic Love)阶段，激情和亲密度都很高。此阶段仍需维持多巴胺激发同时增强催产素建立深层承诺[web:31][web:32][web:33]","2-4小时","每月1-2次","深夜交流时防御心理较弱，更容易真诚开放。这种亲密时刻是建立深度连接的经典方式[web:47]。"
"热恋阶段（3-12个月）",19,"一起做志愿者或参加社区活动","Sternberg三角形理论的'浪漫爱'(Romantic Love)阶段，激情和亲密度都很高。此阶段仍需维持多巴胺激发同时增强催产素建立深层承诺[web:31][web:32][web:33]","2-4小时","每月1次","共同为更大目的服务激发同情心和价值对齐。合作帮助他人强化'团队'感觉[web:26][web:56][web:59]。"
"热恋阶段（3-12个月）",20,"玩配合型游戏（二人游戏、视频游戏、棋牌）","Sternberg三角形理论的'浪漫爱'(Romantic Love)阶段，激情和亲密度都很高。此阶段仍需维持多巴胺激发同时增强催产素建立深层承诺[web:31][web:32][web:33]","1-2小时","每周1-2次","合作游戏需要配合和沟通。研究显示一起玩游戏的夫妻关系更满意[web:29][web:37]。"
"热恋阶段（3-12个月）",21,"参加演唱会、艺术展览或现场表演","Sternberg三角形理论的'浪漫爱'(Romantic Love)阶段，激情和亲密度都很高。此阶段仍需维持多巴胺激发同时增强催产素建立深层承诺[web:31][web:32][web:33]","2-3小时","每月1次","共同体验音乐或艺术引发强烈情感反应。现场表演的高能量环境增强情感连接[web:26][web:56]。"
"热恋阶段（3-12个月）",22,"互相表达感谢和欣赏","Sternberg三角形理论的'浪漫爱'(Romantic Love)阶段，激情和亲密度都很高。此阶段仍需维持多巴胺激发同时增强催产素建立深层承诺[web:31][web:32][web:33]","10-15分钟","每周至少3次","定期表达感谢能维持正向情感循环。具体表达欣赏（列出3-5条你喜欢对方的原因）强化正面认知[web:30][web:40]。"
"热恋阶段（3-12个月）",23,"重现或重温第一次约会","Sternberg三角形理论的'浪漫爱'(Romantic Love)阶段，激情和亲密度都很高。此阶段仍需维持多巴胺激发同时增强催产素建立深层承诺[web:31][web:32][web:33]","2-3小时","每半年或周年纪念时","回忆当初相识的甜蜜能唤起初期的热情。怀旧能增加情感亲密度和关系满意度[web:26][web:48]。"
"热恋阶段（3-12个月）",24,"学习处理冲突的技巧（如Gottman方法）","Sternberg三角形理论的'浪漫爱'(Romantic Love)阶段，激情和亲密度都很高。此阶段仍需维持多巴胺激发同时增强催产素建立深层承诺[web:31][web:32][web:33]","1-2小时讨论","定期练习","热恋阶段能建立处理分歧的健康模式。学习积极倾听和验证能防止冲突升级[web:64][web:68]。"
"热恋阶段（3-12个月）",25,"互相按摩或水疗体验","Sternberg三角形理论的'浪漫爱'(Romantic Love)阶段，激情和亲密度都很高。此阶段仍需维持多巴胺激发同时增强催产素建立深层承诺[web:31][web:32][web:33]","30-60分钟","每周1-2次","按摩释放催产素，促进放松和亲密感。专注于彼此的舒适和快乐深化照顾感[web:26][web:59]。"
"稳定关系阶段（1-3年）",26,"建立每周'约会之夜'的固定仪式","从热恋向伴侣爱(Companionate Love)过渡期。多巴胺自然下降，需要通过承诺、催产素和新鲜感维持连接。此阶段也是'幻灭模型'容易发生的时期，需要主动维护[web:27][web:31][web:32][web:66]","2-3小时","每周1次","定期、有意计划的约会维持关系优先级。新奇的约会设计（而非重复常规）能持续激发多巴胺[web:71][web:74]。"
"稳定关系阶段（1-3年）",27,"进行'关系检查'定期讨论","从热恋向伴侣爱(Companionate Love)过渡期。多巴胺自然下降，需要通过承诺、催产素和新鲜感维持连接。此阶段也是'幻灭模型'容易发生的时期，需要主动维护[web:27][web:31][web:32][web:66]","1-1.5小时","每月1次","月度或季度讨论关系进展，处理潜在问题。早期解决小问题防止积累成大冲突[web:36][web:37][web:40]。"
"稳定关系阶段（1-3年）",28,"尝试新的冒险旅行或探索陌生地区","从热恋向伴侣爱(Companionate Love)过渡期。多巴胺自然下降，需要通过承诺、催产素和新鲜感维持连接。此阶段也是'幻灭模型'容易发生的时期，需要主动维护[web:27][web:31][web:32][web:66]","周末或假期","每季度或每半年1次","改变环境打破日常循环。新环境中的共同探索和问题解决强化团队合作[web:26][web:56][web:71]。"
"稳定关系阶段（1-3年）",29,"共同制定和审视财务目标","从热恋向伴侣爱(Companionate Love)过渡期。多巴胺自然下降，需要通过承诺、催产素和新鲜感维持连接。此阶段也是'幻灭模型'容易发生的时期，需要主动维护[web:27][web:31][web:32][web:66]","1.5-2小时","每半年1次","对未来财务计划的一致性增强承诺和安全感。讨论应如何分配资源反映了共同价值观[web:76][web:79]。"
"稳定关系阶段（1-3年）",30,"参加夫妻工作坊或关系教育课程","从热恋向伴侣爱(Companionate Love)过渡期。多巴胺自然下降，需要通过承诺、催产素和新鲜感维持连接。此阶段也是'幻灭模型'容易发生的时期，需要主动维护[web:27][web:31][web:32][web:66]","1-2天工作坊或系列课程","每年1-2次","学习关系技能和心理知识预防问题。夫妻参加课程表明对关系的投入和改进意愿[web:36][web:37]。"
"稳定关系阶段（1-3年）",31,"每月进行一次'无手机'的深度对话夜晚","从热恋向伴侣爱(Companionate Love)过渡期。多巴胺自然下降，需要通过承诺、催产素和新鲜感维持连接。此阶段也是'幻灭模型'容易发生的时期，需要主动维护[web:27][web:31][web:32][web:66]","2-3小时","每月1次","完全的注意力集中是现代关系的稀缺品。无干扰的时间让深层交流成为可能[web:26][web:59][web:64]。"
"稳定关系阶段（1-3年）",32,"一起计划梦想项目（如装修、园艺、创业）","从热恋向伴侣爱(Companionate Love)过渡期。多巴胺自然下降，需要通过承诺、催产素和新鲜感维持连接。此阶段也是'幻灭模型'容易发生的时期，需要主动维护[web:27][web:31][web:32][web:66]","几周或几月","根据项目进度","共同完成大项目需要协作、沟通和共同愿景。成功完成增强自信心和团队凝聚力[web:26][web:36][web:37]。"
"稳定关系阶段（1-3年）",33,"定期进行身体活动（共同锻炼、瑜伽、跑步）","从热恋向伴侣爱(Companionate Love)过渡期。多巴胺自然下降，需要通过承诺、催产素和新鲜感维持连接。此阶段也是'幻灭模型'容易发生的时期，需要主动维护[web:27][web:31][web:32][web:66]","30-60分钟","每周2-3次","共同运动释放内啡肽，改善心情。定期锻炼夫妻关系满意度更高[web:13][web:56][web:59]。"
"稳定关系阶段（1-3年）",34,"分享和讨论梦想、恐惧和人生大问题","从热恋向伴侣爱(Companionate Love)过渡期。多巴胺自然下降，需要通过承诺、催产素和新鲜感维持连接。此阶段也是'幻灭模型'容易发生的时期，需要主动维护[web:27][web:31][web:32][web:66]","1-2小时","每月1-2次","深层次的精神或哲学交流增加心理亲密感。了解彼此的内心世界和人生意义观深化连接[web:44][web:64]。"
"稳定关系阶段（1-3年）",35,"寻求家庭或伴侣咨询以预防问题","从热恋向伴侣爱(Companionate Love)过渡期。多巴胺自然下降，需要通过承诺、催产素和新鲜感维持连接。此阶段也是'幻灭模型'容易发生的时期，需要主动维护[web:27][web:31][web:32][web:66]","1小时/次","每月1-2次","即使没有问题也进行咨询是预防性措施。学习沟通技巧和期望管理防止后期的严重冲突[web:36][web:64]。"
"稳定关系阶段（1-3年）",36,"创建共同的艺术或创意项目","从热恋向伴侣爱(Companionate Love)过渡期。多巴胺自然下降，需要通过承诺、催产素和新鲜感维持连接。此阶段也是'幻灭模型'容易发生的时期，需要主动维护[web:27][web:31][web:32][web:66]","2-3小时","每月1次","共同创意活动表达情感且具有记念意义。联合创意工作强化合作和共同身份[web:29][web:56]。"
"稳定关系阶段（1-3年）",37,"向彼此的家人和朋友表达感谢和欣赏","从热恋向伴侣爱(Companionate Love)过渡期。多巴胺自然下降，需要通过承诺、催产素和新鲜感维持连接。此阶段也是'幻灭模型'容易发生的时期，需要主动维护[web:27][web:31][web:32][web:66]","2-3小时社交活动","定期（如聚会时）","在社交环境中展示爱意强化公众承诺。介绍伴侣给重要他人展现了关系的重要性[web:26][web:37]。"
"结婚前准备阶段（计划婚姻时期）",38,"进行'隐性期望'练习（写下无声期望并讨论）","关键过渡期。需要明确彼此期望、讨论重要问题、建立伴侣式爱(Companionate Love)基础。此阶段的沟通质量直接影响婚后满意度[web:35][web:36][web:38][web:39]","2-3小时讨论","1-2次深入讨论","列出未曾表达的期望（如家务分工、假期模式、性生活频率等），讨论是否现实和可谈判。这是预防婚后冲突的关键[web:39]。"
"结婚前准备阶段（计划婚姻时期）",39,"接受正式的婚前咨询或关系准备课程","关键过渡期。需要明确彼此期望、讨论重要问题、建立伴侣式爱(Companionate Love)基础。此阶段的沟通质量直接影响婚后满意度[web:35][web:36][web:38][web:39]","6-12周课程","每周1-2次","研究证实接受婚前咨询的夫妻离婚率更低。学习沟通、冲突解决和期望管理技巧[web:36]。"
"结婚前准备阶段（计划婚姻时期）",40,"做'关系盘点'练习","关键过渡期。需要明确彼此期望、讨论重要问题、建立伴侣式爱(Companionate Love)基础。此阶段的沟通质量直接影响婚后满意度[web:35][web:36][web:38][web:39]","2-3小时","1-2次","回答关键问题：我对我们关系的重要之处、我处理压力的方式、亲密时刻、决策权等。分享答案深化理解[web:39]。"
"结婚前准备阶段（计划婚姻时期）",41,"详细讨论财务状况和金钱价值观","关键过渡期。需要明确彼此期望、讨论重要问题、建立伴侣式爱(Companionate Love)基础。此阶段的沟通质量直接影响婚后满意度[web:35][web:36][web:38][web:39]","2-3小时","多次讨论和计划","讨论收入、债务、储蓄目标、消费习惯、风险承受度。金钱问题是婚前最易引发冲突的话题[web:76][web:79]。"
"结婚前准备阶段（计划婚姻时期）",42,"讨论家庭计划和育儿期望","关键过渡期。需要明确彼此期望、讨论重要问题、建立伴侣式爱(Companionate Love)基础。此阶段的沟通质量直接影响婚后满意度[web:35][web:36][web:38][web:39]","1.5-2小时","多次对话","关键问题：想要孩子吗？多少个？如何分担照顾责任？如何平衡职业和家庭？这些是婚后生活的重大决定[web:36][web:76]。"
"结婚前准备阶段（计划婚姻时期）",43,"讨论性生活和亲密关系的期望","关键过渡期。需要明确彼此期望、讨论重要问题、建立伴侣式爱(Companionate Love)基础。此阶段的沟通质量直接影响婚后满意度[web:35][web:36][web:38][web:39]","1-2小时","1-2次深入对话","开诚布公地讨论性偏好、频率、界限。避免假设能防止性生活不满足导致的冲突[web:36][web:68]。"
"结婚前准备阶段（计划婚姻时期）",44,"制定冲突管理计划","关键过渡期。需要明确彼此期望、讨论重要问题、建立伴侣式爱(Companionate Love)基础。此阶段的沟通质量直接影响婚后满意度[web:35][web:36][web:38][web:39]","1.5-2小时","1次规划+定期复习","讨论如何处理分歧：冷静下来的策略、何时寻求帮助、禁忌的言语或行为。提前制定计划能减少冲突升级[web:64][web:68]。"
"结婚前准备阶段（计划婚姻时期）",45,"讨论与两个家族的关系边界","关键过渡期。需要明确彼此期望、讨论重要问题、建立伴侣式爱(Companionate Love)基础。此阶段的沟通质量直接影响婚后满意度[web:35][web:36][web:38][web:39]","1.5-2小时","1-2次对话","澄清与父母、兄弟姐妹的关系模式，制定健康边界。家族问题是婚姻冲突的主要来源[web:36][web:65]。"
"结婚前准备阶段（计划婚姻时期）",46,"制定生活目标和角色分工计划","关键过渡期。需要明确彼此期望、讨论重要问题、建立伴侣式爱(Companionate Love)基础。此阶段的沟通质量直接影响婚后满意度[web:35][web:36][web:38][web:39]","2-3小时","多次规划讨论","讨论职业抱负、地理位置、生活方式偏好。确保大方向对齐防止后期方向分歧[web:36][web:76]。"
"结婚前准备阶段（计划婚姻时期）",47,"进行'什么让我们团结在一起'的反思","关键过渡期。需要明确彼此期望、讨论重要问题、建立伴侣式爱(Companionate Love)基础。此阶段的沟通质量直接影响婚后满意度[web:35][web:36][web:38][web:39]","1.5-2小时","1次，定期复习","重新审视是什么最初吸引了彼此，什么使你们工作得很好。这强化积极基础并对未来充满信心[web:39]。"
"结婚前准备阶段（计划婚姻时期）",48,"组织与彼此朋友和家人的多次聚会","关键过渡期。需要明确彼此期望、讨论重要问题、建立伴侣式爱(Companionate Love)基础。此阶段的沟通质量直接影响婚后满意度[web:35][web:36][web:38][web:39]","2-4小时聚会","每月多次","了解对方在不同社交环境中的样子。看到伴侣与重要人士的互动方式增加真实了解[web:26][web:37]。"
"结婚前准备阶段（计划婚姻时期）",49,"一起制定婚礼计划，体现共同价值观","关键过渡期。需要明确彼此期望、讨论重要问题、建立伴侣式爱(Companionate Love)基础。此阶段的沟通质量直接影响婚后满意度[web:35][web:36][web:38][web:39]","多次规划会议","根据筹备进度","婚礼策划本身就是关系建设活动。如何为婚礼做决定反映了夫妻如何处理大决定[web:36]。"
"结婚前准备阶段（计划婚姻时期）",50,"进行心理健康检查和讨论过去创伤","关键过渡期。需要明确彼此期望、讨论重要问题、建立伴侣式爱(Companionate Love)基础。此阶段的沟通质量直接影响婚后满意度[web:35][web:36][web:38][web:39]","1.5-2小时","1-2次开放对话","分享过去的关系创伤、心理健康问题或家族问题。理解彼此的历史有助于同情和支持[web:36][web:39]。"
"新婚阶段（结婚后前1-2年）",51,"每周制定'我们的时间'并保护它","从恋爱向婚姻过渡的关键期。虽然浪漫激情自然下降，但承诺、信任和伴侣式爱能通过主动维护而加强。此阶段建立的模式影响长期关系质量[web:27][web:31][web:66]","2-3小时","每周1次（非协商）","在忙碌的生活中优先安排夫妻时间。研究表明定期的一对一时间是维持满意度的关键[web:26][web:37]。"
"新婚阶段（结婚后前1-2年）",52,"进行'蜜月回顾'旅行或活动","从恋爱向婚姻过渡的关键期。虽然浪漫激情自然下降，但承诺、信任和伴侣式爱能通过主动维护而加强。此阶段建立的模式影响长期关系质量[web:27][web:31][web:66]","周末或1周假期","每半年至1年1次","重现蜜月的某些元素或计划新的短期旅行。旅行能重启新鲜感并创造新回忆[web:26][web:48]。"
"新婚阶段（结婚后前1-2年）",53,"建立早晨或晚间仪式（共享咖啡、对话等）","从恋爱向婚姻过渡的关键期。虽然浪漫激情自然下降，但承诺、信任和伴侣式爱能通过主动维护而加强。此阶段建立的模式影响长期关系质量[web:27][web:31][web:66]","10-15分钟","每天","建立日常的微小仪式强化连接。每天10-15分钟的专注交流能维持亲密度[web:26][web:40]。"
"新婚阶段（结婚后前1-2年）",54,"处理现实冲突（家务分工、钱、干预的父母等）","从恋爱向婚姻过渡的关键期。虽然浪漫激情自然下降，但承诺、信任和伴侣式爱能通过主动维护而加强。此阶段建立的模式影响长期关系质量[web:27][web:31][web:66]","1-2小时讨论","根据需要，通常每周","用学过的沟通技巧处理真实问题。早期有效解决能建立积极的冲突模式[web:64][web:68]。"
"新婚阶段（结婚后前1-2年）",55,"继续学习技能课程（如舞蹈、烹饪进阶）","从恋爱向婚姻过渡的关键期。虽然浪漫激情自然下降，但承诺、信任和伴侣式爱能通过主动维护而加强。此阶段建立的模式影响长期关系质量[web:27][web:31][web:66]","1.5-2小时/课","每周1次或定期","持续学习新技能保持成长心态。研究表明学习新技能的夫妻关系更满意[web:71][web:74]。"
"新婚阶段（结婚后前1-2年）",56,"规划家居改造或装饰项目","从恋爱向婚姻过渡的关键期。虽然浪漫激情自然下降，但承诺、信任和伴侣式爱能通过主动维护而加强。此阶段建立的模式影响长期关系质量[web:27][web:31][web:66]","几周或几个月","根据项目进度","共同创造'我们的'空间强化共同身份。一起做决定和执行需要妥协和合作[web:26][web:37]。"
"新婚阶段（结婚后前1-2年）",57,"与朋友夫妻进行双人约会","从恋爱向婚姻过渡的关键期。虽然浪漫激情自然下降，但承诺、信任和伴侣式爱能通过主动维护而加强。此阶段建立的模式影响长期关系质量[web:27][web:31][web:66]","2-4小时","每月1-2次","与其他满意的夫妻互动有积极的影响。观察其他关系的模式并交换想法[web:26][web:59]。"
"新婚阶段（结婚后前1-2年）",58,"进行定期的'关系检查-in'对话","从恋爱向婚姻过渡的关键期。虽然浪漫激情自然下降，但承诺、信任和伴侣式爱能通过主动维护而加强。此阶段建立的模式影响长期关系质量[web:27][web:31][web:66]","30-60分钟","每月1次","月度讨论：什么进展顺利？什么需要改进？你对我们的感受如何？这使问题不会积累[web:37][web:40]。"
"新婚阶段（结婚后前1-2年）",59,"继续身体亲密和非性接触","从恋爱向婚姻过渡的关键期。虽然浪漫激情自然下降，但承诺、信任和伴侣式爱能通过主动维护而加强。此阶段建立的模式影响长期关系质量[web:27][web:31][web:66]","日常","每天多次","拥抱、亲吻、牵手、按摩保持身体连接。身体接触维持催产素和多巴胺[web:67][web:6]。"
"新婚阶段（结婚后前1-2年）",60,"建立感谢和欣赏的日常实践","从恋爱向婚姻过渡的关键期。虽然浪漫激情自然下降，但承诺、信任和伴侣式爱能通过主动维护而加强。此阶段建立的模式影响长期关系质量[web:27][web:31][web:66]","5-10分钟","每天","每天表达对伴侣的小感谢。研究表明表达感谢的夫妻关系更满意且冲突更少[web:30][web:40]。"
"新婚阶段（结婚后前1-2年）",61,"一起制定中期和长期人生计划（3-5年）","从恋爱向婚姻过渡的关键期。虽然浪漫激情自然下降，但承诺、信任和伴侣式爱能通过主动维护而加强。此阶段建立的模式影响长期关系质量[web:27][web:31][web:66]","2-3小时规划","年初或年度1-2次","讨论职业、财务、育儿、居住地等的3-5年目标。共同规划增强承诺感[web:36][web:76]。"
"新婚阶段（结婚后前1-2年）",62,"参加夫妻瑜伽、冥想或放松课程","从恋爱向婚姻过渡的关键期。虽然浪漫激情自然下降，但承诺、信任和伴侣式爱能通过主动维护而加强。此阶段建立的模式影响长期关系质量[web:27][web:31][web:66]","1-1.5小时/课","每周1-2次","同步的身体活动和呼吸同步会增加神经同步。放松活动减少压力并增加亲密感[web:13][web:56][web:59]。"
